ุฏฺฉุชุฑ ูุญูุฏ ุจุงูุฑ ุฑุญูุช,ููู ุชุฎุตุต ุจูุงุฑโูุง ุนููู ฺฉูุฏฺฉุงู,ุจูุฏุฑุนุจุงุณ,ููุท ูุชููู ุจฺฏู ุนุงู,5,ูุซุจุช,78.3783
ุฏฺฉุชุฑ ูุญูุฏ ุจุงูุฑ ุฑุญูุช,ููู ุชุฎุตุต ุจูุงุฑโูุง ุนููู ฺฉูุฏฺฉุงู,ุจูุฏุฑุนุจุงุณ,ุฏฺฉุชุฑ ุฎู ุฎูุจู ุจุงุตุจุฑ ู ุญูุตูู ุู ุฎุงููู ููุด ุฎู ุฎู ุฎูุจู ุจุง ุงุญุชุฑุงู ุตุจุญุช ูฺฉูู ูุฎู ุตุจูุฑู ุจุง ุฎูุฏู ุฌูุงุจุชู ูุฏู ุฎุงููู ุจุณุงุฑ ุฎูุจ ูุณุชู,4,ูุซุจุช,96.3722
ุฏฺฉุชุฑ ูุญูุฏ ุจุงูุฑ ุฑุญูุช,ููู ุชุฎุตุต ุจูุงุฑโูุง ุนููู ฺฉูุฏฺฉุงู,ุจูุฏุฑุนุจุงุณ,ุฏฺฉุชุฑ ุจุณุงุฑ ููุฑุจุงูุูุฏุฑ ฺฉุงุฑ ุทุจุงุจุช ุจุณุงุฑ ุนุงู ูุณุชูุุฎุฏุง ุฎุฑุดูู ุจุฏูุุชู ุงุณุชุงู ูุฑูุฒฺฏุงู ุจูุชุฑูู,5,ูุซุจุช,93.9818
ุฏฺฉุชุฑ ูุญูุฏ ุจุงูุฑ ุฑุญูุช,ููู ุชุฎุตุต ุจูุงุฑโูุง ุนููู ฺฉูุฏฺฉุงู,ุจูุฏุฑุนุจุงุณ,ุฏฺฉุชุฑุจุณุงุฑุนุงู ูุณุชู ูู ููุจุช ุฏู ุจุณุงุฑุณุฎุช ุดุฏู,5,ูุซุจุช,92.1447
ุฏฺฉุชุฑ ูุญูุฏ ุจุงูุฑ ุฑุญูุช,ููู ุชุฎุตุต ุจูุงุฑโูุง ุนููู ฺฉูุฏฺฉุงู,ุจูุฏุฑุนุจุงุณ,ุจุณุงุฑ ุฏฺฉุชุฑ ููุฑุจุงู ู ุฏูุณูุฒ ุงูุง ููุด ุจุณุงุฑ ุจุฏุงุฎูุงู,5,ุฎูุซ,49.3605
ุฏฺฉุชุฑ ูุญูุฏ ุจุงูุฑ ุฑุญูุช,ููู ุชุฎุตุต ุจูุงุฑโูุง ุนููู ฺฉูุฏฺฉุงู,ุจูุฏุฑุนุจุงุณ,ุนุงู ูุณุชู ู ุจุณุงุฑ ุจุงุฏูุช ู ููุฑุจุงู,5,ูุซุจุช,92.2546
ุฏฺฉุชุฑ ูุญูุฏ ุจุงูุฑ ุฑุญูุช,ููู ุชุฎุตุต ุจูุงุฑโูุง ุนููู ฺฉูุฏฺฉุงู,ุจูุฏุฑุนุจุงุณ,ุนุงู ุฎูุจู,5,ูุซุจุช,92.5930
ุฏฺฉุชุฑ ูุญูุฏ ุจุงูุฑ ุฑุญูุช,ููู ุชุฎุตุต ุจูุงุฑโูุง ุนููู ฺฉูุฏฺฉุงู,ุจูุฏุฑุนุจุงุณ,ุชุฑูุฎุฏุง ู ูฺฉุฑ ุจ ุญุงู ููุจุช ุฏู ุจฺฉูุฏุูุฎูุงู ููุจุช ุจฺฏุฑู ููุดู,5,ุฎูุซ,48.7068
ุฏฺฉุชุฑ ูุญูุฏ ุจุงูุฑ ุฑุญูุช,ููู ุชุฎุตุต ุจูุงุฑโูุง ุนููู ฺฉูุฏฺฉุงู,ุจูุฏุฑุนุจุงุณ,ูุญูู ููุจุช ุฏู ฺฺฏููู ุงุณุช ุ,5,ุฎูุซ,59.7468
ุฏฺฉุชุฑ ูุญูุฏ ุจุงูุฑ ุฑุญูุช,ููู ุชุฎุตุต ุจูุงุฑโูุง ุนููู ฺฉูุฏฺฉุงู,ุจูุฏุฑุนุจุงุณ,ุฏฺฉุชุฑ ุจุณุงุฑ ุนุงู. ููุจุช ุฏู ุจุณุงุฑ ุณุฎุช .ููุด ุจุณุงุฑ ุจุฏุงุฎูุงู,5,ูุซุจุช,72.7072
ุฏฺฉุชุฑ ูุญูุฏ ุจุงูุฑ ุฑุญูุช,ููู ุชุฎุตุต ุจูุงุฑโูุง ุนููู ฺฉูุฏฺฉุงู,ุจูุฏุฑุนุจุงุณ,ฺฉ ุงุฒ ุจุง ูุฌุฏุงู ุชุฑู ู ฺฉุงุฑ ุจูุฏ ุชุฑู ุฏฺฉุชุฑูุง ูุณุชูุฏ ฺฉู ูุดูุงุณู,5,ูุซุจุช,97.7070
ุฏฺฉุชุฑ ูุญูุฏ ุจุงูุฑ ุฑุญูุช,ููู ุชุฎุตุต ุจูุงุฑโูุง ุนููู ฺฉูุฏฺฉุงู,ุจูุฏุฑุนุจุงุณ,ุฏฺฉุชุฑ ุจุณุงุฑ ฺฉุงุฑ ุจูุฏ ู ุนุงู ูุณุชูุฏ,5,ูุซุจุช,96.7038
ุฏฺฉุชุฑ ูุญูุฏ ุจุงูุฑ ุฑุญูุช,ููู ุชุฎุตุต ุจูุงุฑโูุง ุนููู ฺฉูุฏฺฉุงู,ุจูุฏุฑุนุจุงุณ,ุฏฺฉุชุฑุด ุญุฑู ูุฏุงุฑู ูู ุงุฒุด ุฎู ุฑุงุถ ูุณุชู ุฎุฏุง ุฎุฑุด ุจุฏู,5,ูุซุจุช,92.6681
ุฏฺฉุชุฑ ูุญูุฏ ุจุงูุฑ ุฑุญูุช,ููู ุชุฎุตุต ุจูุงุฑโูุง ุนููู ฺฉูุฏฺฉุงู,ุจูุฏุฑุนุจุงุณ,ุฏฺฉุชุฑ ุจุฑุง ฺฉูุฏฺฉุงู ูุซู ุฏฺฉุชุฑ ุฑุญูุช ูุฌูุฏ ูุฏุงุฑู .... ุนุงู,5,ูุซุจุช,94.7827
ุฏฺฉุชุฑ ูุญูุฏ ุจุงูุฑ ุฑุญูุช,ููู ุชุฎุตุต ุจูุงุฑโูุง ุนููู ฺฉูุฏฺฉุงู,ุจูุฏุฑุนุจุงุณ,ูฺฏู ุจูุชุฑ ุงุฒ ุฏฺฉุชุฑ ุฑุญูุช ุฏุงุฑู ๐๐,5,ูุซุจุช,71.7743
ุฏฺฉุชุฑ ูุญูุฏ ุจุงูุฑ ุฑุญูุช,ููู ุชุฎุตุต ุจูุงุฑโูุง ุนููู ฺฉูุฏฺฉุงู,ุจูุฏุฑุนุจุงุณ,ุณูุงู.ุฏฺฉุชุฑ ุฏุงูุง ู ููุฑุจุงู ูุณุชู.ุชู ฺฉุงุฑุดูู ุนุงู ูุณุชู.ูุง ุฎุงููุงุฏฺฏ ุจฺู ูุงูููู ูพุด ุฏฺฉุชุฑ ุฑุญูุช ูุจุฑู,5,ูุซุจุช,95.1999
ุฏฺฉุชุฑ ูุญูุฏ ุจุงูุฑ ุฑุญูุช,ููู ุชุฎุตุต ุจูุงุฑโูุง ุนููู ฺฉูุฏฺฉุงู,ุจูุฏุฑุนุจุงุณ,ูุงูุนุง ุชุดุฎุต ุดูู ุนุงูู,5,ูุซุจุช,97.1931
ุฏฺฉุชุฑ ูุญูุฏ ุจุงูุฑ ุฑุญูุช,ููู ุชุฎุตุต ุจูุงุฑโูุง ุนููู ฺฉูุฏฺฉุงู,ุจูุฏุฑุนุจุงุณ,ุจูุชุฑู ุฏฺฉุชุฑ ฺฉูุฏฺฉุงู ูุณุชู ูุนุฌุฒู ูฺฉูู,5,ูุซุจุช,98.4959
ุฏฺฉุชุฑ ูุญูุฏ ุจุงูุฑ ุฑุญูุช,ููู ุชุฎุตุต ุจูุงุฑโูุง ุนููู ฺฉูุฏฺฉุงู,ุจูุฏุฑุนุจุงุณ,ุฏฺฉุชุฑ ุจุณุงุฑ ุนุงู ู ุฎูุจ ู ุจุง ุญูุตูู ู ุชุดุฎุต ุฏุฑุณุช ูุณุช ูู ฺฉู ุงุฒุด ุฎู ุฑุงุถ ูุณุชู ุฏูุชุง ุจฺู ูุงูู ูพุดุด ุงุฒ ุฒูุงู ุชููุฏ ุจุฑุฏู ุชุง ุญุงูุง ฺฉู ูุฑ ุฏูุนู ูู ุจุง ุชุดุฎุต ุฏุฑุณุช ุฏุฑูุงู ุดุฏู ุฎุฏุง ุฎุฑุด ุจุฏู ุงูุดุงุงููู ููุดู ุณุงูู ู ุณูุงูุช ุจุงุดู,5,ูุซุจุช,97.9719
ุฏฺฉุชุฑ ูุญูุฏ ุจุงูุฑ ุฑุญูุช,ููู ุชุฎุตุต ุจูุงุฑโูุง ุนููู ฺฉูุฏฺฉุงู,ุจูุฏุฑุนุจุงุณ,ุฏฺฉุชุฑ ุจุณุงุฑ ุจุง ุชุฌุฑุจู,5,ูุซุจุช,97.5464
ุฏฺฉุชุฑ ูุญูุฏ ุจุงูุฑ ุฑุญูุช,ููู ุชุฎุตุต ุจูุงุฑโูุง ุนููู ฺฉูุฏฺฉุงู,ุจูุฏุฑุนุจุงุณ,ุจุณุงุฑ ุฏฺฉุชุฑ ููุฑุจุงู ุตุจูุฑ ู ุจุง ุฏุงูุด ูุณุชู ฺฉูุง ุชุง ุจฺู ูุงู ุจุจุฑู ูพุดุด ุฎูุจ ูุดู,5,ูุซุจุช,97.2020
ุฏฺฉุชุฑ ูุญูุฏ ุจุงูุฑ ุฑุญูุช,ููู ุชุฎุตุต ุจูุงุฑโูุง ุนููู ฺฉูุฏฺฉุงู,ุจูุฏุฑุนุจุงุณ,ูุงูุนุง ุฌุง ุชุฃุณู ุฏุงุฑู.ฺูุฏ ุณุงูู ฺฉู ูุถุนุช ูพุฐุฑุด ู ูุถุง ุงูุชุธุงุฑ ูฺ ุชุบุฑ ูฺฉุฑุฏู.ุขูุง ุฑุญูุช ููุชุดู ู ุฌุง ููุงุณุจ ู ุฏุฑ ุดุฃู ุจูุงุฑุงู ุชุฏุงุฑฺฉ ุจุจูุฏ.ุจุง ุชุดฺฉุฑ,5,ููู,87.9859
ุฏฺฉุชุฑ ูุญูุฏ ุจุงูุฑ ุฑุญูุช,ููู ุชุฎุตุต ุจูุงุฑโูุง ุนููู ฺฉูุฏฺฉุงู,ุจูุฏุฑุนุจุงุณ,ุจุง ุณูุงู ุจูุธุฑ ุจูุฏู ุจูุชุฑู ุฏฺฉุชุฑ ุฏุฑ ุจุฎุด ุงุทูุงู ูุณุชูุฏ,5,ูุซุจุช,94.8634
ุฏฺฉุชุฑ ูุญูุฏ ุจุงูุฑ ุฑุญูุช,ููู ุชุฎุตุต ุจูุงุฑโูุง ุนููู ฺฉูุฏฺฉุงู,ุจูุฏุฑุนุจุงุณ,ุขูุง ุฏฺฉุชุฑ ุฑุญูุช ุงุฒ ุจู ูพุฒุดฺฉุงู ูุชุฎุตุต ฺฉูุฏฺฉุงู ุจูุชุฑู ู ฺฉุงุฑุจูุฏุชุฑู ูุณุชู ...ูุง ุฎุงููุงุฏฺฏ ุจู ุงุดูู ุงุนุชูุงุฏ ุฏุงุฑู ..ุตุจูุฑ.ูุชุฏู.ูพุฑุงุฒ ุฏุงูุด ู ุฎูุด ุงุฎูุงู,5,ูุซุจุช,95.8180
ุฏฺฉุชุฑ ูุญูุฏ ุจุงูุฑ ุฑุญูุช,ููู ุชุฎุตุต ุจูุงุฑโูุง ุนููู ฺฉูุฏฺฉุงู,ุจูุฏุฑุนุจุงุณ,ุจุณุงุฑ ุจุณุงุฑ ุนุงู ู ููู ุงูุนุงุฏู ุฏุณุชุงู ุดูุง ุจุฎุด ุจ ูุธุฑู,5,ูุซุจุช,97.7897
ุฏฺฉุชุฑ ูุญูุฏ ุจุงูุฑ ุฑุญูุช,ููู ุชุฎุตุต ุจูุงุฑโูุง ุนููู ฺฉูุฏฺฉุงู,ุจูุฏุฑุนุจุงุณ,ุณูุงู ูุงูุนุง ุฏุฑ ุญุฑูู  ุฎูุฏุดูู ุจ ูุธุฑู.ุฏุฎุชุฑู ธุณุงู ูพุด ดฐุฑูุฒู ุจูุฏู ุฑู ุด ฺุฑฺฉ ฺฉุฑุฏู ุจูุฏ ุฏูุจุงุฑ ุจุณุชุฑุด ฺฉุฑุฏู ุฎูุจ ููุดุฏ.ุชููุง ุฏฺฉุชุฑ ฺฉู ุฏุฑูุงูุดุงู ฺฉุฑุฏ ุฏฺฉุชุฑ ุฑุญูุช ุจูุฏ.ุชู ุงูุฌ ฺฉุฑููุง ูพุณุฑู ดูุงูู ุจูุฏู ฺฉุฑููุง ฺฏุฑูุชู ุจูุฏ ูุชุจ ุจุงูุง ุจุณุชุฑุด ฺฉุฑุฏู.ูุนุฌุฒู ฺฉุฑุฏู ุฏฺฉุชุฑ ุงููุฏู ุชู ุจุฎุด ฺฉููุฏ ุจูุงุฑุณุชุงู ฺฉูุฏฺฉุงู.ุจุงูุง ุณุฑ ุจฺู ู.ุฏุงุฑู ุชุฒุฑู ฺฉุฑุฏู ู ุตุจุญ ุฑูุฒ ุจุนุฏ ูุฑุฎุตุด ฺฉุฑุฏู ฺฏูุชู ต ุฑูุฒ ุจุนุฏ ุจุจุฑูุด ูุทุจ.ุฎุฏุงุฑูุดฺฉุฑ ุฎูุจ ุดุฏ.ุฎุฏุง ุงูู ุจูุดูู ุณูุงูุช ุจุฏู.ู ุงุฒ ุจูุง ุจุฏูุฑ ุจุงุดู.ูุง ูุงุฏุฑูุง ููุดู ุจุฑุง ุณูุงูุช ุขูุง ุฏฺฉุชุฑ ุฑุญูุช ุฏุนุง ูฺฉูู.ุฎุฏุง ุดูุง ุฑู ููุดู ูุญููุธ ูฺฏู ุฏุงุฑู ุงุฒ ุจูุงุง,5,ูุซุจุช,98.1414
ุฏฺฉุชุฑ ูุญูุฏ ุจุงูุฑ ุฑุญูุช,ููู ุชุฎุตุต ุจูุงุฑโูุง ุนููู ฺฉูุฏฺฉุงู,ุจูุฏุฑุนุจุงุณ,ุฎูุด ุจุฑุฎูุฑุฏ ู ุฏุงูุง ุ ุจุง ุชุฌุฑุจู ุฎุฏุง ุจูุดูู ุณูุงูุช ุจุฏู,5,ูุซุจุช,94.6789
ุฏฺฉุชุฑ ูุญูุฏ ุจุงูุฑ ุฑุญูุช,ููู ุชุฎุตุต ุจูุงุฑโูุง ุนููู ฺฉูุฏฺฉุงู,ุจูุฏุฑุนุจุงุณ,ุจุณุงุฑ ุญุงุฐูุ ุชูุงูููุฏ ู ุชุดุฎุต ุฏูู,5,ูุซุจุช,96.4669
ุฏฺฉุชุฑ ูุญูุฏ ุจุงูุฑ ุฑุญูุช,ููู ุชุฎุตุต ุจูุงุฑโูุง ุนููู ฺฉูุฏฺฉุงู,ุจูุฏุฑุนุจุงุณ,ุญุฑู ุงูู ุฑู ูุฒูู ุฏุฑ ุจูุฏุฑ ุุจุณุงุฑ ฺฉุงุฑ ุจูุฏ ุฎูุด ุงุฎูุงู ู ุชุดุฎุต ุนุงู,5,ูุซุจุช,97.2144
ุฏฺฉุชุฑ ูุญูุฏ ุจุงูุฑ ุฑุญูุช,ููู ุชุฎุตุต ุจูุงุฑโูุง ุนููู ฺฉูุฏฺฉุงู,ุจูุฏุฑุนุจุงุณ,ุฏุฎุชุฑู ุฑู ุงุฒ ูููุน ุชููุฏ ฺฉู ูุฑุถ ุดุฏ ูฺ ุฏฺฉุชุฑ ุชู ุจูุฏุฑ ุชุดุฎุต ูุฏุงุฏ ุฌุฒ ุงูุง ุฑุญูุช ุงุฒ ุงฺฉู ูููุน ธ ุณุงู ูฺฏุฐุฑู ูุฑ ููุช ุฏุฎุชุฑู ูุฑุถ ูุดู ูพุด ุฎูุฏุดูู ูุจุฑู ูุนุฌุฒู ูฺฉูู ุณุฑุน ุฎูุจ ูุดู ุจูุชุฑู ุฏฺฉุชุฑ ุฏุฑ ุจูุฏุฑ ูุณุชู ุงุดูู,5,ูุซุจุช,94.3018
ุฏฺฉุชุฑ ูุญูุฏ ุจุงูุฑ ุฑุญูุช,ููู ุชุฎุตุต ุจูุงุฑโูุง ุนููู ฺฉูุฏฺฉุงู,ุจูุฏุฑุนุจุงุณ,ูพุฒุดฺฉ ุจุงุญูุตูู ู ุตุฏ ุงูุจุชู ฺฉุงุฑุจูุฏ ู ุญุงุฐู ุฏุฑ ุฒููู ุชุดุฎุต ุจูุงุฑ ูู ุนุงู ูุณุชู ุงุดูู,5,ูุซุจุช,97.6962
ุฏฺฉุชุฑ ูุญูุฏ ุจุงูุฑ ุฑุญูุช,ููู ุชุฎุตุต ุจูุงุฑโูุง ุนููู ฺฉูุฏฺฉุงู,ุจูุฏุฑุนุจุงุณ,ุฏุงุฑู ฺฉู ุชุดุฎุต ุนุงู,5,ูุซุจุช,89.0055
ุฏฺฉุชุฑ ูุญูุฏ ุจุงูุฑ ุฑุญูุช,ููู ุชุฎุตุต ุจูุงุฑโูุง ุนููู ฺฉูุฏฺฉุงู,ุจูุฏุฑุนุจุงุณ,ุฎู ุฏฺฉุชุฑ ุฎูุด ุงุฎูุงู ูฺฉุงุฑ ุฏุฑุณุช ูุณุชู ูุฑููุช ุฑูุชู ูุชุฌู ฺฏุฑูุชู ุฏฺฉุชุฑ ุฎูุจ ูุณุช,5,ูุซุจุช,96.5596
ุฏฺฉุชุฑ ูุญูุฏ ุจุงูุฑ ุฑุญูุช,ููู ุชุฎุตุต ุจูุงุฑโูุง ุนููู ฺฉูุฏฺฉุงู,ุจูุฏุฑุนุจุงุณ,ุฏฺฉุชุฑุจุณุงุฑุจุงุชุฌุฑุจู ูุฎูุด ุงุฎูุงูุ ูุจุงูุฏุฑุช ุชุดุฎุต ุจุงูุง ฺฉู ุฏุงุฑู ุนุงู ูุณุชู ููุญุจูุจ ูู ุฏุฎุชุฑู ุงุฒ ููุฒุงุฏุ ูพุณุฑู ุงุฒ ููุฒุงุฏ ุฒุฑ ูุธุฑ ุงุณุชุงุฏ ุจูุฏู ูููุดู ูุชุฌู ุนุงู ุจูุฏู ููุณุช ฺฉู ุงุฑุฒู ุณูุงูุช ุจุฑุง ุงุดุงู ุฏุงุฑู.,5,ูุซุจุช,96.6189
ุฏฺฉุชุฑ ูุญูุฏ ุจุงูุฑ ุฑุญูุช,ููู ุชุฎุตุต ุจูุงุฑโูุง ุนููู ฺฉูุฏฺฉุงู,ุจูุฏุฑุนุจุงุณ,ุฏฺฉุชุฑ ุฑุญูุช ุงุฒ ุจุงุชุฌุฑุจู ุชุฑู ูพุฒุดฺฉุงู ุงุทูุงู ุฏุฑ ุดูุฑ ุจูุฏุฑ ุนุจุงุณ ูุจุงุดุฏ ุงุฑุฒู ุณูุงูุช ุจุฑุง ุงุดุงู,5,ูุซุจุช,94.7889
ุฏฺฉุชุฑ ูุญูุฏ ุจุงูุฑ ุฑุญูุช,ููู ุชุฎุตุต ุจูุงุฑโูุง ุนููู ฺฉูุฏฺฉุงู,ุจูุฏุฑุนุจุงุณ,ุงูุง ุฏฺฉุชุฑุฑุญูุช ุนุงู ูุณุชูุฏุงุฒููู ูุญุงุธ.ูู ุงููู ุจุงุฑู ูุฑุงุฌุนู ุฏุงุดุชู ูู ุชุนุฑู ุงุดุงู ูุฎู ุดูุฏู.ุงููู ุจุฑุฎูุฑุฏฺฉู ุฎู ุฎูุจ ุจูุฏู,5,ูุซุจุช,96.4843
ุฏฺฉุชุฑ ูุญูุฏ ุจุงูุฑ ุฑุญูุช,ููู ุชุฎุตุต ุจูุงุฑโูุง ุนููู ฺฉูุฏฺฉุงู,ุจูุฏุฑุนุจุงุณ,ูุงูุนุง ุขูุง ุฏฺฉุชุฑ ุนุงู ูุณุชู ู ููุช ุจุฑุง ุจูุงุฑุดูู ูุฒุงุฑู ู ุจุง ุฏูุช ุจู ฺฉ ฺฉ ุณูุงู ูุง ุทุฑู ุฌูุงุจ ูุฏู,5,ูุซุจุช,98.6723
ุฏฺฉุชุฑ ูุญูุฏ ุจุงูุฑ ุฑุญูุช,ููู ุชุฎุตุต ุจูุงุฑโูุง ุนููู ฺฉูุฏฺฉุงู,ุจูุฏุฑุนุจุงุณ,ุฎูุด ุงุฎูุงู ู ฺฉุงุฑุจูุฏ ุชุฑู ุฏฺฉุชุฑ,5,ูุซุจุช,95.1633
ุฏฺฉุชุฑ ูุญูุฏ ุจุงูุฑ ุฑุญูุช,ููู ุชุฎุตุต ุจูุงุฑโูุง ุนููู ฺฉูุฏฺฉุงู,ุจูุฏุฑุนุจุงุณ,ุณูุงู ุฏฺฉุชุฑ ุฎูุจ ู ุจุง ุญูุตูู ู ุจุง ุฏุฑฺฉ ุจุงู ุจุงูุง ูุณุชุด ุจุง ุชุดุฎุต ุนุงู ุฏุงุฑู ุจู ุจูุงุฑุ ุงุดุงู ฺฉุงุฑุดูู ุงุฒ ุฏุฏ ุจูุฏู ุฎูุจ ุงุณุช.,4,ูุซุจุช,96.7840
ุฏฺฉุชุฑ ูุญูุฏ ุจุงูุฑ ุฑุญูุช,ููู ุชุฎุตุต ุจูุงุฑโูุง ุนููู ฺฉูุฏฺฉุงู,ุจูุฏุฑุนุจุงุณ,ูุงูุนุง ูุฏุฑุช ุชุดุฎุต ุจุณุงุฑ ุฎูุจ ุฏุงุฑูุฏ,5,ูุซุจุช,98.4451
ุฏฺฉุชุฑ ูุญูุฏ ุจุงูุฑ ุฑุญูุช,ููู ุชุฎุตุต ุจูุงุฑโูุง ุนููู ฺฉูุฏฺฉุงู,ุจูุฏุฑุนุจุงุณ,ุจูุชุฑู ุฏฺฉุชุฑ ุฏุฑ ุญูุฒู ุชุฎุตุต ฺฉูุฏฺฉุงู ุฏุฑ ฺฉู ุฌููุจ ฺฉุดูุฑ ูุณุชูุฏ ุงุดูู ... ุฎุฏุงููุฏ ููุงู ูฺฏูุฏุงุฑุดูู ุจุงุดู,5,ูุซุจุช,97.7498
ุฏฺฉุชุฑ ูุญูุฏ ุจุงูุฑ ุฑุญูุช,ููู ุชุฎุตุต ุจูุงุฑโูุง ุนููู ฺฉูุฏฺฉุงู,ุจูุฏุฑุนุจุงุณ,ุจุง ุณูุงูุ ุงูุตุงูุง ุงุฒ ุญุงุฐู ุชุฑู ูพุฒุดฺฉุงู ุงุณุชุงู ูุณุชูุฏ ุงูุญูุฏููู ูุงููุดู ุจูุชุฑู ูุชุฌู ุฑู ุงุฒ ุทุจุงุจุช ุขูุง ุฏฺฉุชุฑ ุฑุญูุช ฺฏุฑูุชู ุขุฑุฒู ุณูุงูุช ูููููุช ุฏุงุฑู ุจุฑุง ุงุดูู ู ููู  ุดุงฺฏุฑุฏุงูุด,5,ูุซุจุช,96.4678
ุฏฺฉุชุฑ ูุญูุฏ ุจุงูุฑ ุฑุญูุช,ููู ุชุฎุตุต ุจูุงุฑโูุง ุนููู ฺฉูุฏฺฉุงู,ุจูุฏุฑุนุจุงุณ,ุนุงู ุจูุฏ,5,ูุซุจุช,93.2885
ุฏฺฉุชุฑ ูุญูุฏ ุจุงูุฑ ุฑุญูุช,ููู ุชุฎุตุต ุจูุงุฑโูุง ุนููู ฺฉูุฏฺฉุงู,ุจูุฏุฑุนุจุงุณ,ฺฉ ุงุฒ ุจูุชุฑู ุฏฺฉุชุฑุงุณุช,5,ูุซุจุช,97.5284
ุฏฺฉุชุฑ ูุญูุฏ ุจุงูุฑ ุฑุญูุช,ููู ุชุฎุตุต ุจูุงุฑโูุง ุนููู ฺฉูุฏฺฉุงู,ุจูุฏุฑุนุจุงุณ,ุฎุฏุงุฎุฑุดโุจุฏูุฏูุงูุนุงุชุดุฎุตโุจูุงุฑโูุชุฌูุฒุฏุงุฑูโโุฎูโุฎูุจโ ูุจุงุดุฏููฺฺฏุงูโุฏุงุฑูโโุจูโุงุดุชุจุงูโูุงโุจุดโุงุฒุงูุฏุงุฒูโุชุฌูุฒูฺฉุฑุฏู ูุจุงฺฉุจุงุฑูุฒุชโุจูุงุฑุฏุฑูุงูโุดุฏูโุงุณุช. . . .ุงูโุชุฌุฑุจูโฑตุณุงูโุฺฉู ููุดูโุจุฑุงโุฏุฑูุงูโูุฑุฒูุฏุงููโูุฒุฏุงุดุงูโูุฑูุชูโููุชุฌูโูฺฏุฑูุชู,4.8,ูุซุจุช,96.2201
ุฏฺฉุชุฑ ูุญูุฏ ุจุงูุฑ ุฑุญูุช,ููู ุชุฎุตุต ุจูุงุฑโูุง ุนููู ฺฉูุฏฺฉุงู,ุจูุฏุฑุนุจุงุณ,ุฏฺฉุชุฑ ุจุณุงุฑ ุจุงุชุฌุฑุจู ู ุฏูุณูุฒ ุจุง ููุด ุจุณุงุฑ ููุฑุจุงู ููุท ููุจุช ุฏู ุณุฎุชู,5,ูุซุจุช,95.7710
ุฏฺฉุชุฑ ูุญูุฏ ุจุงูุฑ ุฑุญูุช,ููู ุชุฎุตุต ุจูุงุฑโูุง ุนููู ฺฉูุฏฺฉุงู,ุจูุฏุฑุนุจุงุณ,ุฏฺฉุชุฑ ุนุงู ูุณุชูุฏ ููุจุช ฺฏุฑูุชู ุฎู ุณุฎุช ุดุฏู ู ูฺฉุฑ ุจฺฉูุฏ ูุทูุงู,5,ูุซุจุช,96.5468
ุฏฺฉุชุฑ ูุญูุฏ ุจุงูุฑ ุฑุญูุช,ููู ุชุฎุตุต ุจูุงุฑโูุง ุนููู ฺฉูุฏฺฉุงู,ุจูุฏุฑุนุจุงุณ,"ุจุง ุณูุงูุ ุงูุตุงูุง ุงุฒ ุญุงุฐู ุชุฑู ูพุฒุดฺฉุงู ุงุณุชุงู ูุฑูุฒฺฏุงู ูุณุชูุฏ ุงูุญูุฏููู ูุงููุดู ุจูุชุฑู ูุชุฌู ุฑู ุงุฒ ุทุจุงุจุช ุขูุง ุฏฺฉุชุฑ ุฑุญูุช ฺฏุฑูุชู ุจุง ุชุดุฎุต ุจู ูููุน ฺูุฏ ุณุงู ูพุด ูุฑุฒูุฏ ุงููู ูุดฺฉูุด ุญู ุดุฏ ู ุฏุฑ ุญุงู ุญุงุถุฑ ูุฑุฒูุฏ ุฏููู ูพุด ุงุดุงู ูุจุฑู ุขุฑุฒู ุณูุงูุช ูููููุช ุฏุงุฑู ุจุฑุง ุงุดูู ู ููู ุฏฺฉุชุฑูุง ุนุฒุฒ ฺฉู ูุงูุฏุง"" ู ุชูุงู ูุฏ ูุฑุฏู ุงู ุณุฑุฒูู ุฑุง ูุฏุงูุง ู ฺฉููุฏ. ุจุงุชุดฺฉุฑ ูุฏุงุน",5,ูุซุจุช,95.0327
ุฏฺฉุชุฑ ูุญูุฏ ุจุงูุฑ ุฑุญูุช,ููู ุชุฎุตุต ุจูุงุฑโูุง ุนููู ฺฉูุฏฺฉุงู,ุจูุฏุฑุนุจุงุณ,ุฏฺฉุชุฑ ุจ ูุธุฑ ูุณุชู ุ ููุท ููุฏููู ฺุฑุง ุชูู ุณุงู ุฌุฏุฏ ููุชููู ุงุฒุดูู ููุจุช ุจฺฏุฑู,5,ูุซุจุช,91.0766
ุฏฺฉุชุฑ ูุญูุฏ ุจุงูุฑ ุฑุญูุช,ููู ุชุฎุตุต ุจูุงุฑโูุง ุนููู ฺฉูุฏฺฉุงู,ุจูุฏุฑุนุจุงุณ,ุนุงู ูุณุชู ุขูุง ุฏฺฉุชุฑ ุฑุญูุช,5,ูุซุจุช,95.1310
ุฏฺฉุชุฑ ูุญูุฏ ุจุงูุฑ ุฑุญูุช,ููู ุชุฎุตุต ุจูุงุฑโูุง ุนููู ฺฉูุฏฺฉุงู,ุจูุฏุฑุนุจุงุณ,ูููุดู ุณุงูู ุจุงุดูุฏ ุจูุชุฑูู ูุณุชูุฏ,5,ูุซุจุช,92.4266
ุฏฺฉุชุฑ ูุญูุฏ ุจุงูุฑ ุฑุญูุช,ููู ุชุฎุตุต ุจูุงุฑโูุง ุนููู ฺฉูุฏฺฉุงู,ุจูุฏุฑุนุจุงุณ,ุจุณุงุฑ ุฏฺฉุชุฑ ุนุงู ุจุง ุชุฌุฑุจู ุฒุงุฏ ู ููุฑุจุงู ูุณุชูุฏ ูพุณุฑ ฑ ูุงูู ูู ฑ ููุชู ุจูุฏ ฺฉู ุณุฑูุง ุฎูุฑุฏู ุจูุฏ ู ุฑู ูุงุด ุฏุฑฺฏุฑ ุดุฏู ุจูุฏ ุจุง ุฏุฑูุงู ุฏฺฉุชุฑ ู ุจุณุชุฑ ุดุฏู ุชู ุจูุงุฑุณุชุงู ุชู ด ุฑูุฒ ุฎุฏุงุฑูุดฺฉุฑ ุนุงู ุนุงู ุดุฏู,5,ูุซุจุช,98.0810
ุฏฺฉุชุฑ ูุญูุฏ ุจุงูุฑ ุฑุญูุช,ููู ุชุฎุตุต ุจูุงุฑโูุง ุนููู ฺฉูุฏฺฉุงู,ุจูุฏุฑุนุจุงุณ,ุจูุชุฑู ุฏฺฉุชุฑฺฉูุฏฺฉุงู ุชุดุฎุต ุนุงู,5,ูุซุจุช,98.2212
ุฏฺฉุชุฑ ูุญูุฏ ุจุงูุฑ ุฑุญูุช,ููู ุชุฎุตุต ุจูุงุฑโูุง ุนููู ฺฉูุฏฺฉุงู,ุจูุฏุฑุนุจุงุณ,ุฏุณุชุงุด ูุนุฌุฒู ฺฏุฑู,5,ูุซุจุช,74.7106
ุฏฺฉุชุฑ ูุญูุฏ ุจุงูุฑ ุฑุญูุช,ููู ุชุฎุตุต ุจูุงุฑโูุง ุนููู ฺฉูุฏฺฉุงู,ุจูุฏุฑุนุจุงุณ,ุจุณุงุฑ ุชูุงูููุฏ,5,ูุซุจุช,94.3587
ุฏฺฉุชุฑ ูุญูุฏ ุจุงูุฑ ุฑุญูุช,ููู ุชุฎุตุต ุจูุงุฑโูุง ุนููู ฺฉูุฏฺฉุงู,ุจูุฏุฑุนุจุงุณ,ุฏฺฉุชุฑ ูุชุฏู ุจุง ุญูุตูู ู ุจุง ูุฏุฑุช ุชุดุฎุต ููู ุงูุนุงุฏู ุจุงูุง...ุฎุฏุง ุจูุดูู ูพุงุฏุงุด ุฎุฑ ุจุฏู ู ุนุงูุจุช ุจุฎุฑ ุจุงุดู ุงู ุดุงููู,5,ูุซุจุช,96.7200
ุฏฺฉุชุฑ ูุญูุฏ ุจุงูุฑ ุฑุญูุช,ููู ุชุฎุตุต ุจูุงุฑโูุง ุนููู ฺฉูุฏฺฉุงู,ุจูุฏุฑุนุจุงุณ,ุจุณูุงุฑ ุจุง ุงุฎูุงู ุุจุง ุญูุตูู ุูุชุฎุตุต ูุณุชูุฏุจููุงุฑู ุฑุง ุจู ุฎูุจู ุชุดุฎูุต ููุฏููุฏ ู ุฏุงุฑููุงู ูู ุชุฌููุฒ ูููููุฏ ุจู ุฎูุจู ู ุฏุฑ ูุฏุช ููู ุจููุงุฑ ุณุฑูพุง ููุดูุฏ ุงูุดุงุงููู ูููุดู ุณุงูู ู ุชูุฏุฑุณุช ุจุงุดูุฏ,5,ูุซุจุช,96.6421
ุฏฺฉุชุฑ ูุญูุฏ ุจุงูุฑ ุฑุญูุช,ููู ุชุฎุตุต ุจูุงุฑโูุง ุนููู ฺฉูุฏฺฉุงู,ุจูุฏุฑุนุจุงุณ,ุจุณุงุฑ ูพุฒุดฺฉ ุญุงุฐู ู ูุชุฎุตุตุ ุชุดุฎุตุด ุนุงููุ ู ุฏุงุฑููุงุดู ุณุฑุน ุฌูุงุจ ูุฏูุ ฺฉุงุฑุจูุฏู ฺฉูุง,5,ูุซุจุช,96.5707
ุฏฺฉุชุฑ ูุญูุฏ ุจุงูุฑ ุฑุญูุช,ููู ุชุฎุตุต ุจูุงุฑโูุง ุนููู ฺฉูุฏฺฉุงู,ุจูุฏุฑุนุจุงุณ,ุฏฺฉุชุฑ ฺฉุงุฑุด ุนุงู ูุณุช ูู ุฏู ุชุง ุจฺู ูุงู ุงุฒ ููุฒุงุฏ ุฒุฑ ูุธุฑ ุขูุง ุฏฺฉุชุฑ ูุณุชู. ุงุฒ ุญุงุฌ ุขุจุงุฏ,5,ูุซุจุช,96.1602
ุฏฺฉุชุฑ ูุฑุฒุงูู ุฑูุญุงู,ููู ุชุฎุตุต ุจูุงุฑโูุง ุบุฏุฏ ุฏุฑููโุฑุฒ ู ูุชุงุจููุณู ฺฉูุฏฺฉุงู (ุงูุฏูฺฉุฑููููฺ ฺฉูุฏฺฉุงู),ุชูุฑุงู,ูุนูุง ุชุญุช ุฏุฑูุงู ูุณุชู ฺฉ ุฌูุณู ููุท ุฑูุชู ูุธุฑ ุฎุงุต ููุชููู ุจุฏู ููุท ุงู ฺฉู ุงุดูู ุฎู ููุฑุจูู ู ุฎูุด ุจุฑุฎูุฑุฏ ูุณุชู,5,ุฎูุซ,63.3178
ุฏฺฉุชุฑ ูุฑุฒุงูู ุฑูุญุงู,ููู ุชุฎุตุต ุจูุงุฑโูุง ุบุฏุฏ ุฏุฑููโุฑุฒ ู ูุชุงุจููุณู ฺฉูุฏฺฉุงู (ุงูุฏูฺฉุฑููููฺ ฺฉูุฏฺฉุงู),ุชูุฑุงู,ุฎุฏุง ุงุฒุด ูฺฏุฐุฑู ุูพุงุฑุณุงู ุฏุฎุชุฑูู ุจุฑุฏู ุจุง ูุฌูุฏ ุงูฺฉู ุชุงุฏ ฺฉุฑุฏ ฺฉู ุจููุบ ุฒูุฏุฑุณ ุฏุงุฑู ูู ููุท ฺูุฏ ุชุง ุชููุช ุฏุงุฏ ู ุฌูู ูพุดุฑูุชุด ุฑู ูฺฏุฑูุชุุจฺู ุงูุณุงู ูพุฑูุฏ ุดุฏู ู ูุฑุฌุง ูุจุฑู ูฺฏู ฺฉุงุฑ ุงุฒ ฺฉุงุฑ ฺฏุฐุดุชู ู ูููู ูพุงุฑุณุงู ุจุงุฏ ุฏุฑูุงู ูุดุฏ.,1,ููู,48.9522
ุฏฺฉุชุฑ ูุฑุฒุงูู ุฑูุญุงู,ููู ุชุฎุตุต ุจูุงุฑโูุง ุบุฏุฏ ุฏุฑููโุฑุฒ ู ูุชุงุจููุณู ฺฉูุฏฺฉุงู (ุงูุฏูฺฉุฑููููฺ ฺฉูุฏฺฉุงู),ุชูุฑุงู,ุจุณุงุงุงุงุฑ ูุงุฑุงุถ ูุณุชู ุฏู ุณุงูู ฺฉู ุฏุฎุชุฑ ูุง ุจู ุนูุช ุจููุบ ุฒูุฏ ุฑุณ ุชุญุช ูุธุฑ ุงุดูู ูุณุชู ุงุตูุง ุฎูุจ ูุดุฏู .ุจุฑุฎูุฑุฏ ุฎุงูู ุฑูุญุงู ุจุณุงุฑ ุจุฏ ุจูุฏ ู ูุฑ ุฏูุนู ุงุฒ ูุง ูุฎูุงู ฺฉู ูพูู ุจุดุชุฑ ุจุฏู ุชุง ูุณุฎู ุจุฑุงููู ุจููุณู,1,ููู,96.4393
ุฏฺฉุชุฑ ูุฑุฒุงูู ุฑูุญุงู,ููู ุชุฎุตุต ุจูุงุฑโูุง ุบุฏุฏ ุฏุฑููโุฑุฒ ู ูุชุงุจููุณู ฺฉูุฏฺฉุงู (ุงูุฏูฺฉุฑููููฺ ฺฉูุฏฺฉุงู),ุชูุฑุงู,ูุชุฌู ูฺฏุฑูุชู ฺฉู ูฺ ููุท ุฏุฑูุงู ุจูุงุฑู ุจู ุชุงุฎุฑ ุงูุชุงุฏ ู ุฏุฑูุงูุด ูุดฺฉู ุชุฑ ุดุฏ ุฏฺฉุชุฑ ุจุดุฏุช ูพููฺฉ ู ุฌุฏุฏุง ูู ุจุฑุง ูุฑุงุฑ ุงุฒ ูุงูุงุช ููุท ูพูู ููุฏ ูุจูู ู ฺฉูู ู ูุฑุถ ูุง ุฑู ุจฺุงุฑู ู ฺฉูู,1,ููู,86.0222
ุฏฺฉุชุฑ ูุฑุฒุงูู ุฑูุญุงู,ููู ุชุฎุตุต ุจูุงุฑโูุง ุบุฏุฏ ุฏุฑููโุฑุฒ ู ูุชุงุจููุณู ฺฉูุฏฺฉุงู (ุงูุฏูฺฉุฑููููฺ ฺฉูุฏฺฉุงู),ุชูุฑุงู,ูุณุฑ ุฏุฑูุงู ููุงุณุจ ุจุฑุง ุฌููฺฏุฑ ุงุฒ ุจููุบ ุฒูุฏ ุฑุณ ุฏุฎุชุฑู ูพุด ฺฏุฑูุชูุฏ. ุงูุง ุจุฑุง ุฏุฏู ุงุฒูุงุด ุจุงุฏ ูุฒูู ุฌุฏุง ูพุฑุฏุงุฎุช ฺฉุฑุฏ. ู ูููุทูุฑ ุจุฑุง ููุดุชู ุฏุงุฑู ุจุดุชุฑ ุงุฒ ฺฉ ุฏูุฒุ ฑฐฐูุฒุงุฑ ุชููุงู ูุฒูู ุซุจุช ุฏุงุฑู ุฏุฑุงูุช ูฺฉูู. ู ฺฉูุง ูู ุฏุฑ ูุทุจ ุจุงุฏ ุจุตูุฑุช ููุฏ ูพุฑุฏุงุฎุช ฺฉุฑุฏ ฺฉู ุงู ูุณุงุฆู ุจูุฏู ุฑู ุจู ูฺฉุฑ ุชุนูุถ ูพุฒุดฺฉ ุฏุฎุชุฑู ุงูุฏุงุฎุชู.,3,ุฎูุซ,66.6073
ุฏฺฉุชุฑ ูุฑุฒุงูู ุฑูุญุงู,ููู ุชุฎุตุต ุจูุงุฑโูุง ุบุฏุฏ ุฏุฑููโุฑุฒ ู ูุชุงุจููุณู ฺฉูุฏฺฉุงู (ุงูุฏูฺฉุฑููููฺ ฺฉูุฏฺฉุงู),ุชูุฑุงู,ุฎูุจ ุจูุฏู ุชุง ุงูุงู ุจูุชุฑู ุฏฺฉุชุฑ ุจูุฏู ุจุง ูุฑุต ู ุงููพูู ุฌูุน ฺฉุฑุฏู,5,ูุซุจุช,96.5880
ุฏฺฉุชุฑ ูุฑุฒุงูู ุฑูุญุงู,ููู ุชุฎุตุต ุจูุงุฑโูุง ุบุฏุฏ ุฏุฑููโุฑุฒ ู ูุชุงุจููุณู ฺฉูุฏฺฉุงู (ุงูุฏูฺฉุฑููููฺ ฺฉูุฏฺฉุงู),ุชูุฑุงู,ุงุตูุง ุจู ููุช ู ุฒูุงู ูพูู ูุฑุฏู ุงุฑุฒุด ูุงู ูุณุช ููุท ุจุงุฏ ูุฒุช ุฑู ููุฏ ูพุฑุฏุงุฎุช ฺฉูุฏ ุงุตูุฃ ูพุดููุงุฏ ููฺฉูู,1,ููู,98.2181
ุฏฺฉุชุฑ ูุฑุฒุงูู ุฑูุญุงู,ููู ุชุฎุตุต ุจูุงุฑโูุง ุบุฏุฏ ุฏุฑููโุฑุฒ ู ูุชุงุจููุณู ฺฉูุฏฺฉุงู (ุงูุฏูฺฉุฑููููฺ ฺฉูุฏฺฉุงู),ุชูุฑุงู,ูุชุงุณูุงูู ุนูุฑุบูโุชุนุงุฑู ฺฉู ุดุฏู ุจูุฏ ุจุณุงุฑ ุจุฒูุณ ุจุฑุฎูุฑุฏโฺฉุฑุฏูุฏ ู ูฺฏุงู ฺฉุงุณุจ ูุนุงูู ุดูู ฺฉุงููุงุงุง ูุดููุฏ ูุณุช. ุงุฒ ููุงู ุงุจุชุฏุง ฺฉู ูุฒูู ูุฒุช ุจุงูุงุชุฑ ุฑู ููุฏ ุฏุฑุงูุช ูฺฉููุฏ ูโูุฑุถโุจุฑุงุดูู ุงูููุช ฺูุฏุงู ูุฏุงุฑู. ุจุฏุชุฑ ุจุฑุง ุฏุฏู ุนฺฉุณ ฺฉู ุชุฌูุฒ ฺฉุฑุฏู ูู ูุฒูู ูุฒุช ูุฌุฏุฏ ูุฎูุงู ฺฉู ูพูู ุฏูุณุช ุดููโุฑูโุซุงุจุช ูฺฉูู. ูุงูุนุง ูู ุญุณ ุฎูุจ ุงุฒ ุทุจุงุจุชุดูู ูฺฏุฑูุชู ูโุฑุณฺฉ ูฺฉุฑุฏู ุฏุฎุชุฑู ุจู ุงุดูู ุจุณูพุงุฑู ุงุฒ ุฒุงูู ุฏุฑูุงู ูู ููุช ุฎู ฺฉูุชุงู ฺฏุฐุงุดุชู ูโุฎู ุฑุงุบุจ ุจู ุดูุฏู ุดุฑุญ ุฏุฑูุงูุดูู ูุจูุฏู ูู ฺฉ ุนฺฉุณ ู ุงุฒูุงุด ุชุฌูุฒ ฺฉุฑุฏู ู ูุชุงุณูุงูู ูพุฑูุณู ุฏุฑูุงู ุจุง ุงุดูู ุฑู ุงุฏุงูู ูุฏุงุฏูโูโุฑุณฺฉโูฺฉุฑุฏูโุ ูุฐุง ูุธุฑ ุฏุฑ ุฎุตูุต ูุชุฌู ุฏุฑูุงู ููุชููู ุจุฏู ู ูุถุงูุช ฺฉูู,1,ููู,86.4400
ุฏฺฉุชุฑ ูุฑุฒุงูู ุฑูุญุงู,ููู ุชุฎุตุต ุจูุงุฑโูุง ุบุฏุฏ ุฏุฑููโุฑุฒ ู ูุชุงุจููุณู ฺฉูุฏฺฉุงู (ุงูุฏูฺฉุฑููููฺ ฺฉูุฏฺฉุงู),ุชูุฑุงู,ุฏฺฉุชุฑ ุจุฑุง ุจุฑุงุฏุฑ ุฒุงุฏู ูู ููุท ฒ ุฏููู ููุช ฺฏุฐุงุดุช ุงูุจุชู ุจุฑุง ููู ูุฑุถูุง ุฏุฑ ุทูู ูุฏุช ฺฉู ูุง ุฏุฑ ุงูุชุธุงุฑ ููุจุช ุจูุฏู ุบุฑ ุงุฒ ูุจูุฏ ูุฌฺฉ ุจุด ุงุฒ ฺูุฏ ุฏููู ูุฒุชุด ุทูู ููฺฉุดุฏ ุจุณุงุฑ ุฏฺฉุชุฑ ุบุฑ ูุณุฆูู ูุณุช ูุฒุช ฑตฐ ูุฒุงุฑ ุชููุงู ุจุฑุง ุฏู ุฏูู ุชุนุฌุจ ุงูุฑ ุงุณุช ูู ุงุตูุง ุงุดุงู ุจู ูฺฺฉ ูพุดููุงุฏ ููฺฉูู,1,ููู,91.2129
ุฏฺฉุชุฑ ูุฑุฒุงูู ุฑูุญุงู,ููู ุชุฎุตุต ุจูุงุฑโูุง ุบุฏุฏ ุฏุฑููโุฑุฒ ู ูุชุงุจููุณู ฺฉูุฏฺฉุงู (ุงูุฏูฺฉุฑููููฺ ฺฉูุฏฺฉุงู),ุชูุฑุงู,ุงุตูุง ููุช ูููุฐุงุฑู ู ุฎููู ุชูุฏ ุจุฑุฎูุฑุฏ ููููู ูุชุงุณูุงูู ุฌููู ุจฺู ฺฏูุช ุฏูุฑ ุงูุฑุฏูุด ุนูุจ ูููุฏู ุฐููู ููุดู ูุชุงุณูู ูุงุณุดูู,1,ููู,97.3438
ุฏฺฉุชุฑ ูุฑุฒุงูู ุฑูุญุงู,ููู ุชุฎุตุต ุจูุงุฑโูุง ุบุฏุฏ ุฏุฑููโุฑุฒ ู ูุชุงุจููุณู ฺฉูุฏฺฉุงู (ุงูุฏูฺฉุฑููููฺ ฺฉูุฏฺฉุงู),ุชูุฑุงู,ุนุงู ุจูุฏ,1,ูุซุจุช,93.2885
ุฏฺฉุชุฑ ูุฑุฒุงูู ุฑูุญุงู,ููู ุชุฎุตุต ุจูุงุฑโูุง ุบุฏุฏ ุฏุฑููโุฑุฒ ู ูุชุงุจููุณู ฺฉูุฏฺฉุงู (ุงูุฏูฺฉุฑููููฺ ฺฉูุฏฺฉุงู),ุชูุฑุงู,ุนุงู,4,ูุซุจุช,96.7310
ุฏฺฉุชุฑ ูุฑุฒุงูู ุฑูุญุงู,ููู ุชุฎุตุต ุจูุงุฑโูุง ุบุฏุฏ ุฏุฑููโุฑุฒ ู ูุชุงุจููุณู ฺฉูุฏฺฉุงู (ุงูุฏูฺฉุฑููููฺ ฺฉูุฏฺฉุงู),ุชูุฑุงู,ุนุงู,5,ูุซุจุช,96.7310
ุฏฺฉุชุฑ ูุฑุฒุงูู ุฑูุญุงู,ููู ุชุฎุตุต ุจูุงุฑโูุง ุบุฏุฏ ุฏุฑููโุฑุฒ ู ูุชุงุจููุณู ฺฉูุฏฺฉุงู (ุงูุฏูฺฉุฑููููฺ ฺฉูุฏฺฉุงู),ุชูุฑุงู,ุฎูุจ,5,ูุซุจุช,84.1696
ุฏฺฉุชุฑ ูุฑุฒุงูู ุฑูุญุงู,ููู ุชุฎุตุต ุจูุงุฑโูุง ุบุฏุฏ ุฏุฑููโุฑุฒ ู ูุชุงุจููุณู ฺฉูุฏฺฉุงู (ุงูุฏูฺฉุฑููููฺ ฺฉูุฏฺฉุงู),ุชูุฑุงู,ุนุงู,5,ูุซุจุช,96.7310
ุฏฺฉุชุฑ ูุฑุฒุงูู ุฑูุญุงู,ููู ุชุฎุตุต ุจูุงุฑโูุง ุบุฏุฏ ุฏุฑููโุฑุฒ ู ูุชุงุจููุณู ฺฉูุฏฺฉุงู (ุงูุฏูฺฉุฑููููฺ ฺฉูุฏฺฉุงู),ุชูุฑุงู,ุฎูุจ,5,ูุซุจุช,84.1696
ุฏฺฉุชุฑ ูุฑุฒุงูู ุฑูุญุงู,ููู ุชุฎุตุต ุจูุงุฑโูุง ุบุฏุฏ ุฏุฑููโุฑุฒ ู ูุชุงุจููุณู ฺฉูุฏฺฉุงู (ุงูุฏูฺฉุฑููููฺ ฺฉูุฏฺฉุงู),ุชูุฑุงู,ุฎูุจ ุจูุฏ,5,ูุซุจุช,76.9614
ุฏฺฉุชุฑ ูุฑุฒุงูู ุฑูุญุงู,ููู ุชุฎุตุต ุจูุงุฑโูุง ุบุฏุฏ ุฏุฑููโุฑุฒ ู ูุชุงุจููุณู ฺฉูุฏฺฉุงู (ุงูุฏูฺฉุฑููููฺ ฺฉูุฏฺฉุงู),ุชูุฑุงู,ุนุงู,5,ูุซุจุช,96.7310
ุฏฺฉุชุฑ ูุฑุฒุงูู ุฑูุญุงู,ููู ุชุฎุตุต ุจูุงุฑโูุง ุบุฏุฏ ุฏุฑููโุฑุฒ ู ูุชุงุจููุณู ฺฉูุฏฺฉุงู (ุงูุฏูฺฉุฑููููฺ ฺฉูุฏฺฉุงู),ุชูุฑุงู,ุนุงู,5,ูุซุจุช,96.7310
ุฏฺฉุชุฑ ูุฑุฒุงูู ุฑูุญุงู,ููู ุชุฎุตุต ุจูุงุฑโูุง ุบุฏุฏ ุฏุฑููโุฑุฒ ู ูุชุงุจููุณู ฺฉูุฏฺฉุงู (ุงูุฏูฺฉุฑููููฺ ฺฉูุฏฺฉุงู),ุชูุฑุงู,ุฎูุจ,5,ูุซุจุช,84.1696
ุฏฺฉุชุฑ ูุฑุฒุงูู ุฑูุญุงู,ููู ุชุฎุตุต ุจูุงุฑโูุง ุบุฏุฏ ุฏุฑููโุฑุฒ ู ูุชุงุจููุณู ฺฉูุฏฺฉุงู (ุงูุฏูฺฉุฑููููฺ ฺฉูุฏฺฉุงู),ุชูุฑุงู,ุฎูุจ ุจูุฏ,5,ูุซุจุช,76.9614
ุฏฺฉุชุฑ ูุฑุฒุงูู ุฑูุญุงู,ููู ุชุฎุตุต ุจูุงุฑโูุง ุบุฏุฏ ุฏุฑููโุฑุฒ ู ูุชุงุจููุณู ฺฉูุฏฺฉุงู (ุงูุฏูฺฉุฑููููฺ ฺฉูุฏฺฉุงู),ุชูุฑุงู,ุฏฺฉุชุฑ ุจุณุงุฑ ุฎูุจ ู ุจุงุญูุตูู ู ุจุงุงุฎูุงู ูุณุชูุฏ. ูู ุจุฑุง ุจููุบ ุฒูุฏุฑุณ ุฏุฎุชุฑู ูุฑูุฌุนู ฺฉุฑุฏู. ูพุฒุดฺฉ ุฏฺฏู ฺฏูุชู ุจูุฏ ุจุงุฏ ุขููพูู ููุฑููู ุจฺฏุฑู ุชู ท ุณุงูฺฏ. ูู ุงุดูู ฺฏูุชู ูุนูุง ูุงุฒู ูุณุช. ุฎุฏุง ุฎุฑุดูู ุจุฏู.,5,ูุซุจุช,96.0984
ุฏฺฉุชุฑ ูุฑุฒุงูู ุฑูุญุงู,ููู ุชุฎุตุต ุจูุงุฑโูุง ุบุฏุฏ ุฏุฑููโุฑุฒ ู ูุชุงุจููุณู ฺฉูุฏฺฉุงู (ุงูุฏูฺฉุฑููููฺ ฺฉูุฏฺฉุงู),ุชูุฑุงู,ุฎูุจ,5,ูุซุจุช,84.1696
